imagem,condicao,metodo,palavras_anotadas,precisao,revocacao,f1,angulo_corrigido
82092117,scan original,sem pré-processamento,222,0.6124,0.5766,0.594,
82092117,scan original,pipeline do projeto,222,0.854,0.8694,0.8616,0.0
82092117,foto simulada,sem pré-processamento,222,0.3103,0.1216,0.1748,
82092117,foto simulada,pipeline do projeto,222,0.8106,0.8288,0.8196,-5.3
82092117,foto em perspectiva,sem pré-processamento,222,0.7188,0.7252,0.722,
82092117,foto em perspectiva,pipeline do projeto,222,0.7597,0.7973,0.778,0.0
82200067_0069,scan original,sem pré-processamento,153,0.4846,0.4118,0.4452,
82200067_0069,scan original,pipeline do projeto,153,0.4107,0.451,0.4299,0.0
82200067_0069,foto simulada,sem pré-processamento,153,0.2745,0.0915,0.1373,
82200067_0069,foto simulada,pipeline do projeto,153,0.4348,0.3922,0.4124,5.1
82200067_0069,foto em perspectiva,sem pré-processamento,153,0.4118,0.3203,0.3603,
82200067_0069,foto em perspectiva,pipeline do projeto,153,0.3885,0.3529,0.3699,0.0
82250337_0338,scan original,sem pré-processamento,214,0.7826,0.757,0.7696,
82250337_0338,scan original,pipeline do projeto,214,0.8767,0.8972,0.8868,-0.4
82250337_0338,foto simulada,sem pré-processamento,214,0.4466,0.215,0.2902,
82250337_0338,foto simulada,pipeline do projeto,214,0.8357,0.8318,0.8337,4.1
82250337_0338,foto em perspectiva,sem pré-processamento,214,0.5116,0.3084,0.3848,
82250337_0338,foto em perspectiva,pipeline do projeto,214,0.8041,0.729,0.7647,-0.5
82251504,scan original,sem pré-processamento,224,0.7023,0.4107,0.5183,
82251504,scan original,pipeline do projeto,224,0.7677,0.5312,0.628,0.7
82251504,foto simulada,sem pré-processamento,224,0.5345,0.2768,0.3647,
82251504,foto simulada,pipeline do projeto,224,0.6642,0.3973,0.4972,-5.0
82251504,foto em perspectiva,sem pré-processamento,224,0.575,0.308,0.4012,
82251504,foto em perspectiva,pipeline do projeto,224,0.6281,0.3393,0.4406,0.6
82252956_2958,scan original,sem pré-processamento,114,0.5882,0.614,0.6009,
82252956_2958,scan original,pipeline do projeto,114,0.5896,0.693,0.6371,0.0
82252956_2958,foto simulada,sem pré-processamento,114,0.5395,0.3596,0.4316,
82252956_2958,foto simulada,pipeline do projeto,114,0.4865,0.6316,0.5496,3.1
82252956_2958,foto em perspectiva,sem pré-processamento,114,0.5841,0.5789,0.5815,
82252956_2958,foto em perspectiva,pipeline do projeto,114,0.4812,0.5614,0.5182,0.0
82253058_3059,scan original,sem pré-processamento,184,0.8192,0.788,0.8033,
82253058_3059,scan original,pipeline do projeto,184,0.8343,0.8207,0.8274,0.0
82253058_3059,foto simulada,sem pré-processamento,184,0.3719,0.2446,0.2951,
82253058_3059,foto simulada,pipeline do projeto,184,0.809,0.7826,0.7956,-5.4
82253058_3059,foto em perspectiva,sem pré-processamento,184,0.335,0.3587,0.3465,
82253058_3059,foto em perspectiva,pipeline do projeto,184,0.8229,0.7826,0.8022,0.0
82253245_3247,scan original,sem pré-processamento,233,0.5958,0.6137,0.6047,
82253245_3247,scan original,pipeline do projeto,233,0.6798,0.5923,0.633,0.0
82253245_3247,foto simulada,sem pré-processamento,233,0.2169,0.0773,0.1139,
82253245_3247,foto simulada,pipeline do projeto,233,0.589,0.5966,0.5928,-5.3
82253245_3247,foto em perspectiva,sem pré-processamento,233,0.1042,0.0429,0.0608,
82253245_3247,foto em perspectiva,pipeline do projeto,233,0.5091,0.4807,0.4945,0.0
82253362_3364,scan original,sem pré-processamento,216,0.1087,0.0694,0.0847,
82253362_3364,scan original,pipeline do projeto,216,0.4277,0.3287,0.3717,0.0
82253362_3364,foto simulada,sem pré-processamento,216,0.0769,0.0139,0.0235,
82253362_3364,foto simulada,pipeline do projeto,216,0.3793,0.2546,0.3047,-3.5
82253362_3364,foto em perspectiva,sem pré-processamento,216,0.3103,0.125,0.1782,
82253362_3364,foto em perspectiva,pipeline do projeto,216,0.3053,0.1852,0.2305,0.0
82254765,scan original,sem pré-processamento,123,0.7453,0.6423,0.69,
82254765,scan original,pipeline do projeto,123,0.8,0.7154,0.7554,0.0
82254765,foto simulada,sem pré-processamento,123,0.4375,0.1707,0.2456,
82254765,foto simulada,pipeline do projeto,123,0.7436,0.7073,0.725,3.4
82254765,foto em perspectiva,sem pré-processamento,123,0.2603,0.1545,0.1939,
82254765,foto em perspectiva,pipeline do projeto,123,0.74,0.6016,0.6637,0.0
82491256,scan original,sem pré-processamento,69,0.7792,0.8696,0.8219,
82491256,scan original,pipeline do projeto,69,0.7821,0.8841,0.8299,0.0
82491256,foto simulada,sem pré-processamento,69,0.6875,0.3188,0.4356,
82491256,foto simulada,pipeline do projeto,69,0.8205,0.9275,0.8707,3.4
82491256,foto em perspectiva,sem pré-processamento,69,0.589,0.6232,0.6056,
82491256,foto em perspectiva,pipeline do projeto,69,0.7027,0.7536,0.7273,-0.2
82504862,scan original,sem pré-processamento,64,0.7123,0.8125,0.7591,
82504862,scan original,pipeline do projeto,64,0.7632,0.9062,0.8286,0.0
82504862,foto simulada,sem pré-processamento,64,0.0,0.0,0.0,
82504862,foto simulada,pipeline do projeto,64,0.75,0.8906,0.8143,4.2
82504862,foto em perspectiva,sem pré-processamento,64,0.6479,0.7188,0.6815,
82504862,foto em perspectiva,pipeline do projeto,64,0.6494,0.7812,0.7092,0.0
82562350,scan original,sem pré-processamento,198,0.5225,0.4697,0.4947,
82562350,scan original,pipeline do projeto,198,0.6341,0.6566,0.6452,0.0
82562350,foto simulada,sem pré-processamento,198,0.3059,0.1313,0.1837,
82562350,foto simulada,pipeline do projeto,198,0.5771,0.5859,0.5815,4.6
82562350,foto em perspectiva,sem pré-processamento,198,0.3529,0.2121,0.265,
82562350,foto em perspectiva,pipeline do projeto,198,0.5288,0.5556,0.5419,0.0
82573104,scan original,sem pré-processamento,132,0.5407,0.553,0.5468,
82573104,scan original,pipeline do projeto,132,0.7762,0.8409,0.8073,-0.3
82573104,foto simulada,sem pré-processamento,132,0.3617,0.1288,0.1899,
82573104,foto simulada,pipeline do projeto,132,0.7517,0.8258,0.787,3.1
82573104,foto em perspectiva,sem pré-processamento,132,0.687,0.6818,0.6844,
82573104,foto em perspectiva,pipeline do projeto,132,0.726,0.803,0.7626,-0.3
82837252,scan original,sem pré-processamento,111,0.5755,0.5495,0.5622,
82837252,scan original,pipeline do projeto,111,0.7257,0.7387,0.7321,-0.2
82837252,foto simulada,sem pré-processamento,111,0.3673,0.1622,0.225,
82837252,foto simulada,pipeline do projeto,111,0.6727,0.6667,0.6697,3.5
82837252,foto em perspectiva,sem pré-processamento,111,0.6214,0.5766,0.5981,
82837252,foto em perspectiva,pipeline do projeto,111,0.6972,0.6847,0.6909,-0.2
83443897,scan original,sem pré-processamento,195,0.7258,0.6923,0.7087,
83443897,scan original,pipeline do projeto,195,0.81,0.8308,0.8203,0.2
83443897,foto simulada,sem pré-processamento,195,0.3253,0.1385,0.1942,
83443897,foto simulada,pipeline do projeto,195,0.7512,0.7897,0.77,-5.7
83443897,foto em perspectiva,sem pré-processamento,195,0.4485,0.3795,0.4111,
83443897,foto em perspectiva,pipeline do projeto,195,0.7462,0.7538,0.75,0.2
83553333_3334,scan original,sem pré-processamento,198,0.6034,0.5455,0.5729,
83553333_3334,scan original,pipeline do projeto,198,0.6158,0.6313,0.6234,-0.3
83553333_3334,foto simulada,sem pré-processamento,198,0.6179,0.3838,0.4735,
83553333_3334,foto simulada,pipeline do projeto,198,0.5134,0.5808,0.545,-3.7
83553333_3334,foto em perspectiva,sem pré-processamento,198,0.6824,0.5101,0.5838,
83553333_3334,foto em perspectiva,pipeline do projeto,198,0.5023,0.5556,0.5276,-0.5
83573282,scan original,sem pré-processamento,295,0.6027,0.4576,0.5202,
83573282,scan original,pipeline do projeto,295,0.6726,0.6407,0.6562,0.0
83573282,foto simulada,sem pré-processamento,295,0.4727,0.1763,0.2568,
83573282,foto simulada,pipeline do projeto,295,0.5933,0.539,0.5648,5.0
83573282,foto em perspectiva,sem pré-processamento,295,0.55,0.261,0.354,
83573282,foto em perspectiva,pipeline do projeto,295,0.5762,0.5254,0.5496,0.0
83594639,scan original,sem pré-processamento,87,0.443,0.4023,0.4217,
83594639,scan original,pipeline do projeto,87,0.5638,0.6092,0.5856,0.0
83594639,foto simulada,sem pré-processamento,87,0.1667,0.0805,0.1085,
83594639,foto simulada,pipeline do projeto,87,0.4471,0.4368,0.4419,-5.3
83594639,foto em perspectiva,sem pré-processamento,87,0.3614,0.3448,0.3529,
83594639,foto em perspectiva,pipeline do projeto,87,0.4423,0.5287,0.4817,0.0
83624198,scan original,sem pré-processamento,190,0.6374,0.6105,0.6237,
83624198,scan original,pipeline do projeto,190,0.7822,0.8316,0.8061,0.0
83624198,foto simulada,sem pré-processamento,190,0.3162,0.2263,0.2638,
83624198,foto simulada,pipeline do projeto,190,0.7208,0.7474,0.7339,-3.2
83624198,foto em perspectiva,sem pré-processamento,190,0.5357,0.4737,0.5028,
83624198,foto em perspectiva,pipeline do projeto,190,0.6891,0.7,0.6945,0.0
83635935,scan original,sem pré-processamento,140,0.5081,0.45,0.4773,
83635935,scan original,pipeline do projeto,140,0.452,0.5714,0.5047,0.0
83635935,foto simulada,sem pré-processamento,140,0.1899,0.1071,0.137,
83635935,foto simulada,pipeline do projeto,140,0.4254,0.55,0.4798,-3.3
83635935,foto em perspectiva,sem pré-processamento,140,0.38,0.2714,0.3167,
83635935,foto em perspectiva,pipeline do projeto,140,0.4144,0.5357,0.4673,0.0
83641919_1921,scan original,sem pré-processamento,224,0.1926,0.1161,0.1448,
83641919_1921,scan original,pipeline do projeto,224,0.5278,0.5089,0.5182,0.0
83641919_1921,foto simulada,sem pré-processamento,224,0.5246,0.1429,0.2246,
83641919_1921,foto simulada,pipeline do projeto,224,0.4975,0.442,0.4681,-5.0
83641919_1921,foto em perspectiva,sem pré-processamento,224,0.1724,0.0223,0.0395,
83641919_1921,foto em perspectiva,pipeline do projeto,224,0.422,0.3259,0.3678,0.0
83772145,scan original,sem pré-processamento,234,0.6429,0.5769,0.6081,
83772145,scan original,pipeline do projeto,234,0.6173,0.641,0.6289,0.2
83772145,foto simulada,sem pré-processamento,234,0.371,0.1966,0.257,
83772145,foto simulada,pipeline do projeto,234,0.5813,0.6111,0.5958,-4.1
83772145,foto em perspectiva,sem pré-processamento,234,0.588,0.5427,0.5644,
83772145,foto em perspectiva,pipeline do projeto,234,0.6047,0.6538,0.6283,0.2
83823750,scan original,sem pré-processamento,162,0.4423,0.4259,0.434,
83823750,scan original,pipeline do projeto,162,0.5139,0.4568,0.4837,0.0
83823750,foto simulada,sem pré-processamento,162,0.6618,0.2778,0.3913,
83823750,foto simulada,pipeline do projeto,162,0.5417,0.4815,0.5098,3.0
83823750,foto em perspectiva,sem pré-processamento,162,0.4314,0.2716,0.3333,
83823750,foto em perspectiva,pipeline do projeto,162,0.3937,0.3889,0.3913,0.0
83996357,scan original,sem pré-processamento,101,0.6383,0.5941,0.6154,
83996357,scan original,pipeline do projeto,101,0.7812,0.7426,0.7614,-0.2
83996357,foto simulada,sem pré-processamento,101,0.2292,0.1089,0.1477,
83996357,foto simulada,pipeline do projeto,101,0.5729,0.5446,0.5584,-5.0
83996357,foto em perspectiva,sem pré-processamento,101,0.5875,0.4653,0.5193,
83996357,foto em perspectiva,pipeline do projeto,101,0.5204,0.505,0.5126,-0.2
85201976,scan original,sem pré-processamento,79,0.7416,0.8354,0.7857,
85201976,scan original,pipeline do projeto,79,0.7931,0.8734,0.8313,0.0
85201976,foto simulada,sem pré-processamento,79,0.5932,0.443,0.5072,
85201976,foto simulada,pipeline do projeto,79,0.8276,0.9114,0.8675,-5.4
85201976,foto em perspectiva,sem pré-processamento,79,0.7229,0.7595,0.7407,
85201976,foto em perspectiva,pipeline do projeto,79,0.7717,0.8987,0.8304,0.3
85240939,scan original,sem pré-processamento,162,0.6856,0.821,0.7472,
85240939,scan original,pipeline do projeto,162,0.6034,0.8827,0.7168,2.1
85240939,foto simulada,sem pré-processamento,162,0.6698,0.8765,0.7594,
85240939,foto simulada,pipeline do projeto,162,0.5581,0.8889,0.6857,-1.2
85240939,foto em perspectiva,sem pré-processamento,162,0.604,0.7531,0.6703,
85240939,foto em perspectiva,pipeline do projeto,162,0.5675,0.8827,0.6908,2.1
85540866,scan original,sem pré-processamento,25,0.6667,0.72,0.6923,
85540866,scan original,pipeline do projeto,25,0.6389,0.92,0.7541,0.2
85540866,foto simulada,sem pré-processamento,25,0.6667,0.64,0.6531,
85540866,foto simulada,pipeline do projeto,25,0.5476,0.92,0.6866,4.3
85540866,foto em perspectiva,sem pré-processamento,25,0.6154,0.32,0.4211,
85540866,foto em perspectiva,pipeline do projeto,25,0.5455,0.72,0.6207,0.3
85629964,scan original,sem pré-processamento,94,0.8654,0.9574,0.9091,
85629964,scan original,pipeline do projeto,94,0.8198,0.9681,0.8878,0.6
85629964,foto simulada,sem pré-processamento,94,0.5575,0.6702,0.6087,
85629964,foto simulada,pipeline do projeto,94,0.8725,0.9468,0.9082,-4.8
85629964,foto em perspectiva,sem pré-processamento,94,0.5398,0.6489,0.5894,
85629964,foto em perspectiva,pipeline do projeto,94,0.7611,0.9149,0.8309,0.5
86075409_5410,scan original,sem pré-processamento,126,0.303,0.2381,0.2667,
86075409_5410,scan original,pipeline do projeto,126,0.7034,0.6587,0.6803,0.0
86075409_5410,foto simulada,sem pré-processamento,126,0.2063,0.1032,0.1376,
86075409_5410,foto simulada,pipeline do projeto,126,0.6423,0.627,0.6345,-5.1
86075409_5410,foto em perspectiva,sem pré-processamento,126,0.1263,0.0952,0.1086,
86075409_5410,foto em perspectiva,pipeline do projeto,126,0.4911,0.4365,0.4622,0.0
86079776_9777,scan original,sem pré-processamento,214,0.5813,0.5514,0.5659,
86079776_9777,scan original,pipeline do projeto,214,0.76,0.7991,0.779,-0.4
86079776_9777,foto simulada,sem pré-processamento,214,0.4128,0.2103,0.2786,
86079776_9777,foto simulada,pipeline do projeto,214,0.7265,0.757,0.7414,3.5
86079776_9777,foto em perspectiva,sem pré-processamento,214,0.4831,0.4019,0.4388,
86079776_9777,foto em perspectiva,pipeline do projeto,214,0.6199,0.6402,0.6299,-0.4
86220490,scan original,sem pré-processamento,69,0.8378,0.8986,0.8671,
86220490,scan original,pipeline do projeto,69,0.8158,0.8986,0.8552,-0.3
86220490,foto simulada,sem pré-processamento,69,0.4906,0.3768,0.4262,
86220490,foto simulada,pipeline do projeto,69,0.7763,0.8551,0.8138,-3.7
86220490,foto em perspectiva,sem pré-processamento,69,0.8356,0.8841,0.8592,
86220490,foto em perspectiva,pipeline do projeto,69,0.7733,0.8406,0.8056,-0.3
86230203_0206,scan original,sem pré-processamento,141,0.4692,0.4326,0.4502,
86230203_0206,scan original,pipeline do projeto,141,0.6759,0.695,0.6853,-0.9
86230203_0206,foto simulada,sem pré-processamento,141,0.3036,0.1206,0.1726,
86230203_0206,foto simulada,pipeline do projeto,141,0.6412,0.5957,0.6176,3.1
86230203_0206,foto em perspectiva,sem pré-processamento,141,0.1138,0.0993,0.1061,
86230203_0206,foto em perspectiva,pipeline do projeto,141,0.5306,0.5532,0.5417,-1.0
86236474_6476,scan original,sem pré-processamento,119,0.8952,0.9328,0.9136,
86236474_6476,scan original,pipeline do projeto,119,0.8992,0.9748,0.9355,0.0
86236474_6476,foto simulada,sem pré-processamento,119,0.6111,0.6471,0.6286,
86236474_6476,foto simulada,pipeline do projeto,119,0.8917,0.8992,0.8954,-3.7
86236474_6476,foto em perspectiva,sem pré-processamento,119,0.7426,0.8487,0.7922,
86236474_6476,foto em perspectiva,pipeline do projeto,119,0.8205,0.8067,0.8136,-0.2
86244113,scan original,sem pré-processamento,84,0.7529,0.7619,0.7574,
86244113,scan original,pipeline do projeto,84,0.7935,0.869,0.8295,0.0
86244113,foto simulada,sem pré-processamento,84,0.1905,0.0476,0.0762,
86244113,foto simulada,pipeline do projeto,84,0.6737,0.7619,0.7151,-4.5
86244113,foto em perspectiva,sem pré-processamento,84,0.481,0.4524,0.4663,
86244113,foto em perspectiva,pipeline do projeto,84,0.6224,0.7262,0.6703,0.0
86263525,scan original,sem pré-processamento,87,0.8351,0.931,0.8804,
86263525,scan original,pipeline do projeto,87,0.8526,0.931,0.8901,-0.2
86263525,foto simulada,sem pré-processamento,87,0.6515,0.4943,0.5621,
86263525,foto simulada,pipeline do projeto,87,0.8438,0.931,0.8852,-3.8
86263525,foto em perspectiva,sem pré-processamento,87,0.7766,0.8391,0.8066,
86263525,foto em perspectiva,pipeline do projeto,87,0.8602,0.9195,0.8889,0.0
86328049_8050,scan original,sem pré-processamento,208,0.7514,0.6683,0.7074,
86328049_8050,scan original,pipeline do projeto,208,0.7817,0.7404,0.7605,0.6
86328049_8050,foto simulada,sem pré-processamento,208,0.7,0.2692,0.3889,
86328049_8050,foto simulada,pipeline do projeto,208,0.7585,0.7548,0.7566,-3.7
86328049_8050,foto em perspectiva,sem pré-processamento,208,0.7017,0.6106,0.653,
86328049_8050,foto em perspectiva,pipeline do projeto,208,0.7288,0.6202,0.6701,0.4
87086073,scan original,sem pré-processamento,56,0.45,0.3214,0.375,
87086073,scan original,pipeline do projeto,56,0.52,0.4643,0.4906,-0.6
87086073,foto simulada,sem pré-processamento,56,0.5238,0.1964,0.2857,
87086073,foto simulada,pipeline do projeto,56,0.3455,0.3393,0.3423,-4.2
87086073,foto em perspectiva,sem pré-processamento,56,0.4068,0.4286,0.4174,
87086073,foto em perspectiva,pipeline do projeto,56,0.3333,0.375,0.3529,-0.6
87093315_87093318,scan original,sem pré-processamento,202,0.7885,0.8119,0.8,
87093315_87093318,scan original,pipeline do projeto,202,0.8366,0.8366,0.8366,0.0
87093315_87093318,foto simulada,sem pré-processamento,202,0.4286,0.0891,0.1475,
87093315_87093318,foto simulada,pipeline do projeto,202,0.8256,0.797,0.8111,4.1
87093315_87093318,foto em perspectiva,sem pré-processamento,202,0.5449,0.4505,0.4932,
87093315_87093318,foto em perspectiva,pipeline do projeto,202,0.8359,0.8069,0.8212,0.0
87125460,scan original,sem pré-processamento,72,0.5732,0.6528,0.6104,
87125460,scan original,pipeline do projeto,72,0.6477,0.7917,0.7125,-0.6
87125460,foto simulada,sem pré-processamento,72,0.5783,0.6667,0.6194,
87125460,foto simulada,pipeline do projeto,72,0.7089,0.7778,0.7417,4.0
87125460,foto em perspectiva,sem pré-processamento,72,0.5862,0.7083,0.6415,
87125460,foto em perspectiva,pipeline do projeto,72,0.5714,0.7222,0.638,-0.7
87137840,scan original,sem pré-processamento,75,0.378,0.4133,0.3949,
87137840,scan original,pipeline do projeto,75,0.3895,0.4933,0.4353,-0.4
87137840,foto simulada,sem pré-processamento,75,0.2615,0.2267,0.2429,
87137840,foto simulada,pipeline do projeto,75,0.3684,0.3733,0.3709,5.6
87137840,foto em perspectiva,sem pré-processamento,75,0.1667,0.1333,0.1481,
87137840,foto em perspectiva,pipeline do projeto,75,0.36,0.48,0.4114,-0.3
87147607,scan original,sem pré-processamento,207,0.4836,0.285,0.3587,
87147607,scan original,pipeline do projeto,207,0.7259,0.6908,0.7079,0.4
87147607,foto simulada,sem pré-processamento,207,0.5417,0.1256,0.2039,
87147607,foto simulada,pipeline do projeto,207,0.7437,0.715,0.7291,5.3
87147607,foto em perspectiva,sem pré-processamento,207,0.3373,0.1353,0.1931,
87147607,foto em perspectiva,pipeline do projeto,207,0.673,0.686,0.6794,0.5
87332450,scan original,sem pré-processamento,155,0.8182,0.8129,0.8155,
87332450,scan original,pipeline do projeto,155,0.7988,0.8452,0.8213,-0.3
87332450,foto simulada,sem pré-processamento,155,0.3881,0.1677,0.2342,
87332450,foto simulada,pipeline do projeto,155,0.7557,0.8581,0.8036,-6.1
87332450,foto em perspectiva,sem pré-processamento,155,0.6103,0.5355,0.5704,
87332450,foto em perspectiva,pipeline do projeto,155,0.7184,0.8065,0.7599,-0.3
87428306,scan original,sem pré-processamento,186,0.8784,0.6989,0.7784,
87428306,scan original,pipeline do projeto,186,0.7263,0.7419,0.734,-0.7
87428306,foto simulada,sem pré-processamento,186,0.7051,0.5914,0.6433,
87428306,foto simulada,pipeline do projeto,186,0.7182,0.6989,0.7084,3.0
87428306,foto em perspectiva,sem pré-processamento,186,0.6139,0.5215,0.564,
87428306,foto em perspectiva,pipeline do projeto,186,0.6995,0.6882,0.6938,-0.8
87528321,scan original,sem pré-processamento,205,0.5524,0.5659,0.559,
87528321,scan original,pipeline do projeto,205,0.7692,0.7805,0.7748,-0.5
87528321,foto simulada,sem pré-processamento,205,0.5617,0.6439,0.6,
87528321,foto simulada,pipeline do projeto,205,0.7696,0.8146,0.7915,-4.0
87528321,foto em perspectiva,sem pré-processamento,205,0.5073,0.5073,0.5073,
87528321,foto em perspectiva,pipeline do projeto,205,0.7324,0.761,0.7464,-0.5
87528380,scan original,sem pré-processamento,387,0.7912,0.509,0.6195,
87528380,scan original,pipeline do projeto,387,0.6675,0.6951,0.681,0.0
87528380,foto simulada,sem pré-processamento,387,0.4734,0.4134,0.4414,
87528380,foto simulada,pipeline do projeto,387,0.5995,0.6227,0.6109,3.0
87528380,foto em perspectiva,sem pré-processamento,387,0.5605,0.491,0.5234,
87528380,foto em perspectiva,pipeline do projeto,387,0.5808,0.5943,0.5875,0.0
87594142_87594144,scan original,sem pré-processamento,458,0.5038,0.4367,0.4678,
87594142_87594144,scan original,pipeline do projeto,458,0.7787,0.845,0.8105,0.2
87594142_87594144,foto simulada,sem pré-processamento,458,0.3509,0.2467,0.2897,
87594142_87594144,foto simulada,pipeline do projeto,458,0.7157,0.7642,0.7392,-3.8
87594142_87594144,foto em perspectiva,sem pré-processamento,458,0.383,0.2751,0.3202,
87594142_87594144,foto em perspectiva,pipeline do projeto,458,0.6929,0.7293,0.7106,0.3
89856243,scan original,sem pré-processamento,306,0.7016,0.7222,0.7118,
89856243,scan original,pipeline do projeto,306,0.7233,0.8203,0.7688,0.0
89856243,foto simulada,sem pré-processamento,306,0.5462,0.4641,0.5018,
89856243,foto simulada,pipeline do projeto,306,0.6842,0.7647,0.7222,4.1
89856243,foto em perspectiva,sem pré-processamento,306,0.5596,0.598,0.5782,
89856243,foto em perspectiva,pipeline do projeto,306,0.661,0.7647,0.7091,0.0
91814768_91814769,scan original,sem pré-processamento,351,0.7324,0.7721,0.7517,
91814768_91814769,scan original,pipeline do projeto,351,0.7546,0.8234,0.7875,-0.9
91814768_91814769,foto simulada,sem pré-processamento,351,0.6106,0.3932,0.4783,
91814768_91814769,foto simulada,pipeline do projeto,351,0.8052,0.7892,0.7971,2.2
91814768_91814769,foto em perspectiva,sem pré-processamento,351,0.5107,0.5442,0.5269,
91814768_91814769,foto em perspectiva,pipeline do projeto,351,0.7493,0.7493,0.7493,-1.0
92380595,scan original,sem pré-processamento,267,0.7963,0.8052,0.8007,
92380595,scan original,pipeline do projeto,267,0.8277,0.8277,0.8277,-0.7
92380595,foto simulada,sem pré-processamento,267,0.6142,0.5843,0.5988,
92380595,foto simulada,pipeline do projeto,267,0.7704,0.779,0.7747,4.9
92380595,foto em perspectiva,sem pré-processamento,267,0.4498,0.3858,0.4153,
92380595,foto em perspectiva,pipeline do projeto,267,0.806,0.809,0.8075,-0.7
93106788,scan original,sem pré-processamento,308,0.633,0.6104,0.6215,
93106788,scan original,pipeline do projeto,308,0.7981,0.8084,0.8032,-0.4
93106788,foto simulada,sem pré-processamento,308,0.3506,0.0877,0.1403,
93106788,foto simulada,pipeline do projeto,308,0.6975,0.711,0.7042,-6.1
93106788,foto em perspectiva,sem pré-processamento,308,0.4208,0.3539,0.3845,
93106788,foto em perspectiva,pipeline do projeto,308,0.6355,0.6623,0.6486,-0.4
